{
  "version": 1,
  "author": "Anonymous maker",
  "editor": "wokwi",
  "parts": [
    { "type": "board-esp32-devkit-c-v4", "id": "esp", "top": 38.4, "left": 43.24, "attrs": {} },
    { "type": "wokwi-led", "id": "led1", "top": 63.6, "left": -82.6, "attrs": { "color": "red" } },
    {
      "type": "wokwi-resistor",
      "id": "r1",
      "top": 148.8,
      "left": -86.95,
      "rotate": 90,
      "attrs": { "value": "1000" }
    }
  ],
  "connections": [
    [ "esp:TX", "$serialMonitor:RX", "", [] ],
    [ "esp:RX", "$serialMonitor:TX", "", [] ],
    [ "led1:A", "r1:1", "red", [ "v0" ] ],
    [ "r1:2", "esp:18", "green", [ "h0" ] ],
    [ "led1:C", "esp:GND.1", "black", [ "v0" ] ]
  ],
  "dependencies": {}
}