{
  "version": 1,
  "author": "Anonymous maker",
  "editor": "wokwi",
  "parts": [
    { "type": "board-esp32-devkit-c-v4", "id": "esp", "top": 19.2, "left": 177.64, "attrs": {} },
    {
      "type": "wokwi-led",
      "id": "led1",
      "top": 34.8,
      "left": -63.4,
      "attrs": { "color": "green" }
    },
    {
      "type": "wokwi-led",
      "id": "led2",
      "top": 34.8,
      "left": -149.8,
      "attrs": { "color": "blue" }
    },
    { "type": "wokwi-led", "id": "led3", "top": 34.8, "left": 13.4, "attrs": { "color": "red" } },
    {
      "type": "wokwi-resistor",
      "id": "r1",
      "top": 120,
      "left": 9.05,
      "rotate": 90,
      "attrs": { "value": "1000" }
    },
    {
      "type": "wokwi-resistor",
      "id": "r2",
      "top": 120,
      "left": -154.15,
      "rotate": 90,
      "attrs": { "value": "1000" }
    },
    {
      "type": "wokwi-resistor",
      "id": "r3",
      "top": 120,
      "left": -67.75,
      "rotate": 90,
      "attrs": { "value": "1000" }
    },
    {
      "type": "wokwi-led",
      "id": "led4",
      "top": 15.6,
      "left": 436.2,
      "attrs": { "color": "magenta", "flip": "1" }
    },
    {
      "type": "wokwi-led",
      "id": "led5",
      "top": 15.6,
      "left": 359.4,
      "attrs": { "color": "yellow", "flip": "1" }
    },
    {
      "type": "wokwi-resistor",
      "id": "r4",
      "top": 120,
      "left": 421.85,
      "rotate": 90,
      "attrs": { "value": "1000" }
    },
    {
      "type": "wokwi-resistor",
      "id": "r5",
      "top": 120,
      "left": 345.05,
      "rotate": 90,
      "attrs": { "value": "1000" }
    }
  ],
  "connections": [
    [ "esp:TX", "$serialMonitor:RX", "", [] ],
    [ "esp:RX", "$serialMonitor:TX", "", [] ],
    [ "led3:A", "r1:1", "red", [ "v0" ] ],
    [ "led1:A", "r3:1", "red", [ "v0" ] ],
    [ "led2:A", "r2:1", "red", [ "v0" ] ],
    [ "led3:C", "esp:GND.1", "black", [ "v0" ] ],
    [ "led1:C", "esp:GND.1", "black", [ "v0" ] ],
    [ "led2:C", "esp:GND.1", "black", [ "v0" ] ],
    [ "r1:2", "esp:25", "green", [ "h0" ] ],
    [ "r3:2", "esp:26", "green", [ "h0" ] ],
    [ "r2:2", "esp:27", "green", [ "h0" ] ],
    [ "led5:A", "r5:1", "green", [ "v0" ] ],
    [ "led4:A", "r4:1", "green", [ "v0" ] ],
    [ "r5:2", "esp:32", "green", [ "h0" ] ],
    [ "led5:C", "esp:GND.3", "black", [ "v0" ] ],
    [ "r4:2", "esp:33", "green", [ "h0" ] ],
    [ "led4:C", "esp:GND.3", "black", [ "v0" ] ]
  ],
  "dependencies": {}
}